0001	https://levraimaroc.com/
0002	https://levraimaroc.com/a-propos/
0003	https://levraimaroc.com/acheter-sur-plan-maroc/
0004	https://levraimaroc.com/acheter-sur-plan-marrakech/
0005	https://levraimaroc.com/analyse-projet-immobilier/
0006	https://levraimaroc.com/analyses/
0007	https://levraimaroc.com/articles/acheter-terrain-marrakech-statut-foncier-etranger/
0008	https://levraimaroc.com/articles/aeroports-maroc-trafic-marrakech-casablanca-ete-2026/
0009	https://levraimaroc.com/articles/appartement-neuf-marrakech-2026/
0010	https://levraimaroc.com/articles/batteries-lfp-maroc-gotion-industrie-automobile-2026/
0011	https://levraimaroc.com/articles/campagne-electorale-maroc-2026/
0012	https://levraimaroc.com/articles/can-feminine-maroc-2026-classement-prochain-match/
0013	https://levraimaroc.com/articles/canadair-marocains-algerie-viva-algerie/
0014	https://levraimaroc.com/articles/candidats-elections-maroc-2026/
0015	https://levraimaroc.com/articles/canicule-maroc-aout-2026-villes-previsions/
0016	https://levraimaroc.com/articles/carburants-maroc-nouvelle-hausse/
0017	https://levraimaroc.com/articles/charges-copropriete-gestion-locative-marrakech/
0018	https://levraimaroc.com/articles/chomage-maroc-2026/
0019	https://levraimaroc.com/articles/cnss-maroc-2026/
0020	https://levraimaroc.com/articles/cnss-maroc-guide-pratique/
0021	https://levraimaroc.com/articles/commission-agence-immobiliere-maroc-frais-marrakech/
0022	https://levraimaroc.com/articles/comparatif-programmes-elections-maroc-2026/
0023	https://levraimaroc.com/articles/credit-immobilier-marrakech-etranger-mre-2026/
0024	https://levraimaroc.com/articles/croissance-maroc-2026-hcp-demande-interieure/
0025	https://levraimaroc.com/articles/dahir-maroc-definition/
0026	https://levraimaroc.com/articles/dahir-maroc-immobilier-acheteur/
0027	https://levraimaroc.com/articles/documents-promoteur-immobilier-maroc/
0028	https://levraimaroc.com/articles/economie-maroc-2026/
0029	https://levraimaroc.com/articles/effet-tourisme-prix-immobilier/
0030	https://levraimaroc.com/articles/elections-maroc-2026-comment-voter/
0031	https://levraimaroc.com/articles/elections-maroc-2026/
0032	https://levraimaroc.com/articles/erreurs-acheter-marrakech/
0033	https://levraimaroc.com/articles/fado-festival-maroc-2026/
0034	https://levraimaroc.com/articles/festival-timitar-agadir-2026-programme/
0035	https://levraimaroc.com/articles/finale-coupe-du-monde-2030-maroc-espagne/
0036	https://levraimaroc.com/articles/fiscalite-immobiliere-marrakech-2026/
0037	https://levraimaroc.com/articles/gueliz-hivernage-palmeraie-guide/
0038	https://levraimaroc.com/articles/heritage-bien-immobilier-maroc-etranger-mre/
0039	https://levraimaroc.com/articles/immobilier-marrakech-2026/
0040	https://levraimaroc.com/articles/incendies-algerie-2026-canadair-maroc/
0041	https://levraimaroc.com/articles/incendies-maroc-provinces-risque-extreme-forets-2026/
0042	https://levraimaroc.com/articles/indice-prix-immobilier-marrakech-t2-2026/
0043	https://levraimaroc.com/articles/industrie-automobile-maroc-2026-kenitra-tanger-med/
0044	https://levraimaroc.com/articles/investir-marrakech-2026/
0045	https://levraimaroc.com/articles/jeux-mediterraneens-maroc-2026/
0046	https://levraimaroc.com/articles/lboulevard-2026-casablanca/
0047	https://levraimaroc.com/articles/lgv-kenitra-marrakech-2026-impact-voyage/
0048	https://levraimaroc.com/articles/licence-location-courte-duree-marrakech-loi-80-14/
0049	https://levraimaroc.com/articles/location-courte-duree-marrakech/
0050	https://levraimaroc.com/articles/macan-development-marrakech-rabat-2026/
0051	https://levraimaroc.com/articles/marche-immobilier-marrakech-2026/
0052	https://levraimaroc.com/articles/maroc-gabon-2026-date-heure-chaine-stade/
0053	https://levraimaroc.com/articles/maroc-ia-2030/
0054	https://levraimaroc.com/articles/marrakech-2030-infrastructures-immobilier/
0055	https://levraimaroc.com/articles/marrakech-accessible-investisseurs/
0056	https://levraimaroc.com/articles/marrakech-avant-2030/
0057	https://levraimaroc.com/articles/marrakech-perspectives-marche-2026-2030/
0058	https://levraimaroc.com/articles/meilleurs-quartiers-marrakech/
0059	https://levraimaroc.com/articles/meteo-maroc-aujourdhui/
0060	https://levraimaroc.com/articles/million-emplois-maroc-programmes-2026/
0061	https://levraimaroc.com/articles/moga-essaouira-2026/
0062	https://levraimaroc.com/articles/mondial-2030-grands-projets-maroc-infrastructures/
0063	https://levraimaroc.com/articles/notaire-achat-immobilier-maroc-role-honoraires/
0064	https://levraimaroc.com/articles/nouveau-passeport-marocain-2026-documents-prix-validite/
0065	https://levraimaroc.com/articles/paiement-especes-immobilier-maroc-2026/
0066	https://levraimaroc.com/articles/pourquoi-investir-marrakech/
0067	https://levraimaroc.com/articles/prix-carburants-maroc-aout-2026-hausse/
0068	https://levraimaroc.com/articles/prix-immobilier-marrakech-2026/
0069	https://levraimaroc.com/articles/procedure-achat-immobilier-maroc-etape-par-etape/
0070	https://levraimaroc.com/articles/programmes-electoraux-pouvoir-achat-2026/
0071	https://levraimaroc.com/articles/rentree-scolaire-maroc-2026-2027/
0072	https://levraimaroc.com/articles/resultats-elections-maroc-2026/
0073	https://levraimaroc.com/articles/retenue-source-loyers-maroc-2026/
0074	https://levraimaroc.com/articles/riads-marrakech-guide/
0075	https://levraimaroc.com/articles/royal-air-maroc-ete-2026-marrakech/
0076	https://levraimaroc.com/articles/sahara-marocain-position-americaine-2026/
0077	https://levraimaroc.com/articles/sebta-crise-migratoire-maroc-ue-2026/
0078	https://levraimaroc.com/articles/smig-5000-dh-maroc-2026/
0079	https://levraimaroc.com/articles/tanjazz-2026/
0080	https://levraimaroc.com/articles/taxe-profit-immobilier-maroc-calcul-exoneration/
0081	https://levraimaroc.com/articles/titre-foncier-moulkiya-marrakech/
0082	https://levraimaroc.com/articles/tourisme-maroc-2030-onmt-arrivees-2026/
0083	https://levraimaroc.com/articles/tourisme-marrakech-2026-immobilier/
0084	https://levraimaroc.com/articles/tracabilite-paiements-achat-immobilier-maroc/
0085	https://levraimaroc.com/articles/vague-chaleur-maroc-juillet-2026-voyage/
0086	https://levraimaroc.com/articles/vefa-maroc-echeancier-paiement-garanties-legales/
0087	https://levraimaroc.com/articles/villa-marrakech-investissement/
0088	https://levraimaroc.com/articles/zones-periurbaines-marrakech/
0089	https://levraimaroc.com/articles/zones-tourisme-immobilier-marrakech-2026/
0090	https://levraimaroc.com/blog/
0091	https://levraimaroc.com/checklist-achat-sur-plan/
0092	https://levraimaroc.com/comment-analyser-promoteur/
0093	https://levraimaroc.com/comment-verifier-promoteur-immobilier-maroc/
0094	https://levraimaroc.com/contact/
0095	https://levraimaroc.com/documents-achat-immobilier-maroc/
0096	https://levraimaroc.com/en/
0097	https://levraimaroc.com/en/about/
0098	https://levraimaroc.com/en/analysis/
0099	https://levraimaroc.com/en/articles/algeria-wildfires-2026-morocco-canadair/
0100	https://levraimaroc.com/en/articles/amizmiz-road-agdal-targa-areas-to-watch/
0101	https://levraimaroc.com/en/articles/best-neighborhoods-marrakech/
0102	https://levraimaroc.com/en/articles/buy-land-marrakech-legal-status-foreign-buyers/
0103	https://levraimaroc.com/en/articles/cash-property-payment-morocco-2026/
0104	https://levraimaroc.com/en/articles/ceuta-migration-crisis-morocco-eu-2026/
0105	https://levraimaroc.com/en/articles/cnss-morocco-2026/
0106	https://levraimaroc.com/en/articles/cnss-morocco-practical-guide/
0107	https://levraimaroc.com/en/articles/co-ownership-fees-property-management-marrakech/
0108	https://levraimaroc.com/en/articles/compare-morocco-election-programmes-2026/
0109	https://levraimaroc.com/en/articles/dahir-morocco-definition/
0110	https://levraimaroc.com/en/articles/dahir-morocco-real-estate-buyer/
0111	https://levraimaroc.com/en/articles/estate-agent-commission-morocco-fees-marrakech/
0112	https://levraimaroc.com/en/articles/fado-festival-morocco-2026/
0113	https://levraimaroc.com/en/articles/gueliz-hivernage-palmeraie-where-to-invest/
0114	https://levraimaroc.com/en/articles/inheriting-property-morocco-foreigners-expats/
0115	https://levraimaroc.com/en/articles/investing-marrakech-2026/
0116	https://levraimaroc.com/en/articles/is-marrakech-still-accessible-for-new-investors/
0117	https://levraimaroc.com/en/articles/kenitra-marrakech-hsr-2026-travel-impact/
0118	https://levraimaroc.com/en/articles/land-title-moulkiya-marrakech/
0119	https://levraimaroc.com/en/articles/lboulevard-2026-casablanca/
0120	https://levraimaroc.com/en/articles/lfp-batteries-morocco-gotion-automotive-2026/
0121	https://levraimaroc.com/en/articles/macan-development-marrakech-rabat-2026/
0122	https://levraimaroc.com/en/articles/marrakech-2030-infrastructure-real-estate/
0123	https://levraimaroc.com/en/articles/marrakech-before-2030-tourism-infrastructure-opportunities/
0124	https://levraimaroc.com/en/articles/marrakech-property-price-index-q2-2026/
0125	https://levraimaroc.com/en/articles/marrakech-property-prices-2026/
0126	https://levraimaroc.com/en/articles/marrakech-real-estate-2026/
0127	https://levraimaroc.com/en/articles/marrakech-real-estate-market-2026/
0128	https://levraimaroc.com/en/articles/marrakech-real-estate-market-outlook-2026-2030/
0129	https://levraimaroc.com/en/articles/marrakech-tourism-2026-real-estate/
0130	https://levraimaroc.com/en/articles/million-jobs-morocco-election-promises-2026/
0131	https://levraimaroc.com/en/articles/mistakes-buying-property-marrakech/
0132	https://levraimaroc.com/en/articles/moga-essaouira-2026/
0133	https://levraimaroc.com/en/articles/moroccan-sahara-us-position-2026/
0134	https://levraimaroc.com/en/articles/morocco-ai-2030/
0135	https://levraimaroc.com/en/articles/morocco-airports-traffic-marrakech-casablanca-summer-2026/
0136	https://levraimaroc.com/en/articles/morocco-automotive-industry-2026-kenitra-tanger-med/
0137	https://levraimaroc.com/en/articles/morocco-economy-2026/
0138	https://levraimaroc.com/en/articles/morocco-election-campaign-2026/
0139	https://levraimaroc.com/en/articles/morocco-election-candidates-2026/
0140	https://levraimaroc.com/en/articles/morocco-election-promises-purchasing-power-2026/
0141	https://levraimaroc.com/en/articles/morocco-election-results-2026/
0142	https://levraimaroc.com/en/articles/morocco-elections-2026-how-to-vote/
0143	https://levraimaroc.com/en/articles/morocco-elections-2026/
0144	https://levraimaroc.com/en/articles/morocco-fuel-prices-august-2026-rise/
0145	https://levraimaroc.com/en/articles/morocco-fuel-prices-next-increase/
0146	https://levraimaroc.com/en/articles/morocco-gabon-2026-date-time-tv-stadium/
0147	https://levraimaroc.com/en/articles/morocco-growth-2026-hcp-domestic-demand/
0148	https://levraimaroc.com/en/articles/morocco-heat-wave-july-2026-travel/
0149	https://levraimaroc.com/en/articles/morocco-heatwave-august-2026-cities-forecast/
0150	https://levraimaroc.com/en/articles/morocco-mediterranean-games-2026/
0151	https://levraimaroc.com/en/articles/morocco-minimum-wage-5000-dirhams-2026/
0152	https://levraimaroc.com/en/articles/morocco-school-calendar-2026-2027/
0153	https://levraimaroc.com/en/articles/morocco-tourism-2030-onmt-arrivals-2026/
0154	https://levraimaroc.com/en/articles/morocco-unemployment-2026/
0155	https://levraimaroc.com/en/articles/morocco-weather-today/
0156	https://levraimaroc.com/en/articles/morocco-wildfire-risk-provinces-2026/
0157	https://levraimaroc.com/en/articles/mortgage-marrakech-foreigners-mre-2026/
0158	https://levraimaroc.com/en/articles/new-apartment-marrakech-2026/
0159	https://levraimaroc.com/en/articles/new-moroccan-passport-2026-documents-fees-validity/
0160	https://levraimaroc.com/en/articles/notary-property-purchase-morocco-role-fees/
0161	https://levraimaroc.com/en/articles/property-buying-process-morocco-step-by-step/
0162	https://levraimaroc.com/en/articles/real-estate-developer-documents-morocco/
0163	https://levraimaroc.com/en/articles/real-estate-profit-tax-morocco-calculation-exemptions/
0164	https://levraimaroc.com/en/articles/real-estate-taxes-marrakech-morocco-2026/
0165	https://levraimaroc.com/en/articles/rental-withholding-tax-morocco-2026/
0166	https://levraimaroc.com/en/articles/riads-marrakech-investment-guide/
0167	https://levraimaroc.com/en/articles/royal-air-maroc-summer-2026-marrakech/
0168	https://levraimaroc.com/en/articles/short-term-rental-license-marrakech-law-80-14/
0169	https://levraimaroc.com/en/articles/short-term-rental-marrakech-opportunity-or-pressure/
0170	https://levraimaroc.com/en/articles/tanjazz-2026-tangier/
0171	https://levraimaroc.com/en/articles/timitar-agadir-2026-programme/
0172	https://levraimaroc.com/en/articles/tourism-effect-property-prices-marrakech/
0173	https://levraimaroc.com/en/articles/tourism-real-estate-areas-marrakech-2026/
0174	https://levraimaroc.com/en/articles/traceable-payments-property-purchase-morocco/
0175	https://levraimaroc.com/en/articles/vefa-morocco-payment-schedule-legal-guarantees/
0176	https://levraimaroc.com/en/articles/villa-marrakech-investment/
0177	https://levraimaroc.com/en/articles/why-marrakech-still-attracts-real-estate-investors/
0178	https://levraimaroc.com/en/articles/womens-afcon-morocco-2026-standings-next-match/
0179	https://levraimaroc.com/en/articles/world-cup-2030-final-morocco-spain/
0180	https://levraimaroc.com/en/articles/world-cup-2030-major-projects-morocco-infrastructure/
0181	https://levraimaroc.com/en/blog/
0182	https://levraimaroc.com/en/buying-off-plan-marrakech/
0183	https://levraimaroc.com/en/buying-off-plan-morocco/
0184	https://levraimaroc.com/en/contact/
0185	https://levraimaroc.com/en/guides/
0186	https://levraimaroc.com/en/how-to-analyze-a-real-estate-developer/
0187	https://levraimaroc.com/en/how-to-check-real-estate-developer-morocco/
0188	https://levraimaroc.com/en/investment/
0189	https://levraimaroc.com/en/marrakech-property-prices/
0190	https://levraimaroc.com/en/neighborhoods/
0191	https://levraimaroc.com/en/new-apartment-delivery-morocco/
0192	https://levraimaroc.com/en/off-plan-property-checklist/
0193	https://levraimaroc.com/en/property-purchase-risks/
0194	https://levraimaroc.com/en/real-estate-analysis-guide/
0195	https://levraimaroc.com/en/real-estate-documents-morocco/
0196	https://levraimaroc.com/en/real-estate-project-analysis/
0197	https://levraimaroc.com/en/real-estate-risks-morocco/
0198	https://levraimaroc.com/en/real-estate/
0199	https://levraimaroc.com/en/safe-off-plan-property-purchase/
0200	https://levraimaroc.com/en/safe-property-investment/
0201	https://levraimaroc.com/en/safe-real-estate-certification/
0202	https://levraimaroc.com/en/safe-real-estate-grid/
0203	https://levraimaroc.com/en/safe-real-estate-methodology/
0204	https://levraimaroc.com/en/tourism/
0205	https://levraimaroc.com/en/vefa-morocco-guarantees-risks/
0206	https://levraimaroc.com/es/
0207	https://levraimaroc.com/es/analisis-proyecto-inmobiliario/
0208	https://levraimaroc.com/es/analisis/
0209	https://levraimaroc.com/es/articulos/aeropuertos-marruecos-trafico-marrakech-casablanca-verano-2026/
0210	https://levraimaroc.com/es/articulos/alquiler-corta-duracion-marrakech-oportunidad-presion/
0211	https://levraimaroc.com/es/articulos/apartamento-nuevo-marrakech-2026/
0212	https://levraimaroc.com/es/articulos/baterias-lfp-marruecos-gotion-automovil-2026/
0213	https://levraimaroc.com/es/articulos/campana-electoral-marruecos-2026/
0214	https://levraimaroc.com/es/articulos/can-femenina-marruecos-2026-clasificacion-proximo-partido/
0215	https://levraimaroc.com/es/articulos/candidatos-elecciones-marruecos-2026/
0216	https://levraimaroc.com/es/articulos/canicula-marruecos-agosto-2026-ciudades-prevision/
0217	https://levraimaroc.com/es/articulos/carburantes-marruecos-proxima-subida/
0218	https://levraimaroc.com/es/articulos/ceuta-crisis-migratoria-marruecos-ue-2026/
0219	https://levraimaroc.com/es/articulos/cnss-marruecos-2026/
0220	https://levraimaroc.com/es/articulos/cnss-marruecos-guia-practica/
0221	https://levraimaroc.com/es/articulos/comision-agencia-inmobiliaria-marruecos-gastos-marrakech/
0222	https://levraimaroc.com/es/articulos/comparativa-programas-elecciones-marruecos-2026/
0223	https://levraimaroc.com/es/articulos/comprar-terreno-marrakech-estatus-legal-extranjeros/
0224	https://levraimaroc.com/es/articulos/crecimiento-marruecos-2026-hcp-demanda-interna/
0225	https://levraimaroc.com/es/articulos/credito-inmobiliario-marrakech-extranjeros-mre-2026/
0226	https://levraimaroc.com/es/articulos/dahir-marruecos-comprador-inmobiliario/
0227	https://levraimaroc.com/es/articulos/dahir-marruecos-definicion/
0228	https://levraimaroc.com/es/articulos/desempleo-marruecos-2026/
0229	https://levraimaroc.com/es/articulos/documentos-promotor-inmobiliario-marruecos/
0230	https://levraimaroc.com/es/articulos/economia-marruecos-2026/
0231	https://levraimaroc.com/es/articulos/efecto-turismo-precios-inmobiliarios-marrakech/
0232	https://levraimaroc.com/es/articulos/elecciones-marruecos-2026-como-votar/
0233	https://levraimaroc.com/es/articulos/elecciones-marruecos-2026/
0234	https://levraimaroc.com/es/articulos/errores-comprar-inmueble-marrakech/
0235	https://levraimaroc.com/es/articulos/festival-fado-marruecos-2026/
0236	https://levraimaroc.com/es/articulos/final-mundial-2030-marruecos-espana/
0237	https://levraimaroc.com/es/articulos/fiscalidad-inmobiliaria-marrakech-2026/
0238	https://levraimaroc.com/es/articulos/gastos-comunidad-gestion-alquiler-marrakech/
0239	https://levraimaroc.com/es/articulos/gueliz-hivernage-palmeraie-donde-invertir/
0240	https://levraimaroc.com/es/articulos/heredar-inmueble-marruecos-extranjeros-residentes/
0241	https://levraimaroc.com/es/articulos/impuesto-plusvalia-inmobiliaria-marruecos-calculo-exoneracion/
0242	https://levraimaroc.com/es/articulos/incendios-argelia-2026-canadair-marruecos/
0243	https://levraimaroc.com/es/articulos/incendios-marruecos-provincias-riesgo-extremo-2026/
0244	https://levraimaroc.com/es/articulos/indice-precios-inmobiliario-marrakech-t2-2026/
0245	https://levraimaroc.com/es/articulos/industria-automovilistica-marruecos-2026-kenitra-tanger-med/
0246	https://levraimaroc.com/es/articulos/inmobiliario-marrakech-2026/
0247	https://levraimaroc.com/es/articulos/invertir-marrakech-2026/
0248	https://levraimaroc.com/es/articulos/lboulevard-2026-casablanca/
0249	https://levraimaroc.com/es/articulos/lgv-kenitra-marrakech-2026-impacto-viaje/
0250	https://levraimaroc.com/es/articulos/licencia-alquiler-corta-duracion-marrakech-ley-80-14/
0251	https://levraimaroc.com/es/articulos/macan-development-marrakech-rabat-2026/
0252	https://levraimaroc.com/es/articulos/marrakech-2030-infraestructuras-inmobiliario/
0253	https://levraimaroc.com/es/articulos/marrakech-accesible-nuevos-inversores/
0254	https://levraimaroc.com/es/articulos/marrakech-antes-2030-turismo-infraestructuras-oportunidades/
0255	https://levraimaroc.com/es/articulos/marrakech-perspectivas-mercado-inmobiliario-2026-2030/
0256	https://levraimaroc.com/es/articulos/marruecos-gabon-2026-fecha-hora-tv-estadio/
0257	https://levraimaroc.com/es/articulos/marruecos-ia-2030/
0258	https://levraimaroc.com/es/articulos/marruecos-juegos-mediterraneos-2026/
0259	https://levraimaroc.com/es/articulos/mejores-barrios-marrakech/
0260	https://levraimaroc.com/es/articulos/mercado-inmobiliario-marrakech-2026/
0261	https://levraimaroc.com/es/articulos/millon-empleos-marruecos-programas-2026/
0262	https://levraimaroc.com/es/articulos/moga-essaouira-2026/
0263	https://levraimaroc.com/es/articulos/mundial-2030-grandes-proyectos-marruecos-infraestructuras/
0264	https://levraimaroc.com/es/articulos/notario-compra-inmobiliaria-marruecos-rol-honorarios/
0265	https://levraimaroc.com/es/articulos/nuevo-pasaporte-marroqui-2026-documentos-precio-validez/
0266	https://levraimaroc.com/es/articulos/ola-calor-marruecos-julio-2026-viaje/
0267	https://levraimaroc.com/es/articulos/pago-efectivo-inmobiliario-marruecos-2026/
0268	https://levraimaroc.com/es/articulos/por-que-marrakech-atrae-inversores-inmobiliarios/
0269	https://levraimaroc.com/es/articulos/precios-carburantes-marruecos-agosto-2026-subida/
0270	https://levraimaroc.com/es/articulos/precios-inmobiliarios-marrakech-2026/
0271	https://levraimaroc.com/es/articulos/proceso-compra-inmobiliaria-marruecos-paso-a-paso/
0272	https://levraimaroc.com/es/articulos/programas-electorales-poder-adquisitivo-marruecos-2026/
0273	https://levraimaroc.com/es/articulos/resultados-elecciones-marruecos-2026/
0274	https://levraimaroc.com/es/articulos/retencion-origen-alquileres-marruecos-2026/
0275	https://levraimaroc.com/es/articulos/riads-marrakech-guia-inversion/
0276	https://levraimaroc.com/es/articulos/route-amizmiz-agdal-targa-zonas-a-seguir/
0277	https://levraimaroc.com/es/articulos/royal-air-maroc-verano-2026-marrakech/
0278	https://levraimaroc.com/es/articulos/sahara-marroqui-posicion-estadounidense-2026/
0279	https://levraimaroc.com/es/articulos/salario-minimo-marruecos-5000-dirhams-2026/
0280	https://levraimaroc.com/es/articulos/tanjazz-2026-tanger/
0281	https://levraimaroc.com/es/articulos/tiempo-marruecos-hoy/
0282	https://levraimaroc.com/es/articulos/timitar-agadir-2026-programa/
0283	https://levraimaroc.com/es/articulos/titulo-propiedad-moulkiya-marrakech/
0284	https://levraimaroc.com/es/articulos/trazabilidad-pagos-compra-inmobiliaria-marruecos/
0285	https://levraimaroc.com/es/articulos/turismo-marrakech-2026-inmobiliario/
0286	https://levraimaroc.com/es/articulos/turismo-marruecos-2030-onmt-llegadas-2026/
0287	https://levraimaroc.com/es/articulos/vefa-marruecos-calendario-pago-garantias-legales/
0288	https://levraimaroc.com/es/articulos/villa-marrakech-inversion/
0289	https://levraimaroc.com/es/articulos/vuelta-colegio-marruecos-2026-2027/
0290	https://levraimaroc.com/es/articulos/zonas-turismo-inmobiliario-marrakech-2026/
0291	https://levraimaroc.com/es/barrios/
0292	https://levraimaroc.com/es/blog/
0293	https://levraimaroc.com/es/certificacion-inmobiliaria-safe/
0294	https://levraimaroc.com/es/checklist-compra-sobre-plano/
0295	https://levraimaroc.com/es/como-analizar-promotor-inmobiliario/
0296	https://levraimaroc.com/es/como-verificar-promotor-inmobiliario-marruecos/
0297	https://levraimaroc.com/es/comprar-sobre-plano-marrakech/
0298	https://levraimaroc.com/es/comprar-sobre-plano-marruecos/
0299	https://levraimaroc.com/es/contacto/
0300	https://levraimaroc.com/es/documentos-compra-inmobiliaria-marruecos/
0301	https://levraimaroc.com/es/entrega-apartamento-nuevo-marruecos/
0302	https://levraimaroc.com/es/guia-analisis-inmobiliario/
0303	https://levraimaroc.com/es/guias/
0304	https://levraimaroc.com/es/inmobiliario/
0305	https://levraimaroc.com/es/inversion/
0306	https://levraimaroc.com/es/matriz-safe-inmobiliaria/
0307	https://levraimaroc.com/es/metodo-safe-inmobiliario/
0308	https://levraimaroc.com/es/precios-inmobiliarios-marrakech/
0309	https://levraimaroc.com/es/riesgos-compra-inmobiliaria-marruecos/
0310	https://levraimaroc.com/es/riesgos-compra-inmobiliaria/
0311	https://levraimaroc.com/es/safe-compra-sobre-plano/
0312	https://levraimaroc.com/es/safe-inversion-inmobiliaria/
0313	https://levraimaroc.com/es/sobre-nosotros/
0314	https://levraimaroc.com/es/turismo/
0315	https://levraimaroc.com/es/vefa-marruecos-garantias-riesgos/
0316	https://levraimaroc.com/grille-safe-immobilier/
0317	https://levraimaroc.com/guide-analyse-immobiliere/
0318	https://levraimaroc.com/guides/
0319	https://levraimaroc.com/immobilier/
0320	https://levraimaroc.com/investissement/
0321	https://levraimaroc.com/livraison-appartement-neuf-maroc/
0322	https://levraimaroc.com/methode-safe-immobilier/
0323	https://levraimaroc.com/nl/
0324	https://levraimaroc.com/nl/analyses/
0325	https://levraimaroc.com/nl/artikelen/aankoopprocedure-vastgoed-marokko-stap-voor-stap/
0326	https://levraimaroc.com/nl/artikelen/auto-industrie-marokko-2026-kenitra-tanger-med/
0327	https://levraimaroc.com/nl/artikelen/belasting-vastgoedwinst-marokko-berekening-vrijstelling/
0328	https://levraimaroc.com/nl/artikelen/beste-wijken-marrakech/
0329	https://levraimaroc.com/nl/artikelen/bosbranden-algerije-2026-canadair-marokko/
0330	https://levraimaroc.com/nl/artikelen/bosbranden-marokko-provincies-extreem-risico-2026/
0331	https://levraimaroc.com/nl/artikelen/brandstof-marokko-volgende-prijsstijging/
0332	https://levraimaroc.com/nl/artikelen/brandstofprijzen-marokko-augustus-2026-stijging/
0333	https://levraimaroc.com/nl/artikelen/bronbelasting-huur-marokko-2026/
0334	https://levraimaroc.com/nl/artikelen/ceuta-migratiecrisis-marokko-eu-2026/
0335	https://levraimaroc.com/nl/artikelen/cnss-marokko-2026/
0336	https://levraimaroc.com/nl/artikelen/cnss-marokko-praktische-gids/
0337	https://levraimaroc.com/nl/artikelen/contante-vastgoedbetaling-marokko-2026/
0338	https://levraimaroc.com/nl/artikelen/dahir-marokko-definitie/
0339	https://levraimaroc.com/nl/artikelen/dahir-marokko-vastgoedkoper/
0340	https://levraimaroc.com/nl/artikelen/documenten-vastgoedontwikkelaar-marokko/
0341	https://levraimaroc.com/nl/artikelen/economie-marokko-2026/
0342	https://levraimaroc.com/nl/artikelen/effect-toerisme-vastgoedprijzen-marrakech/
0343	https://levraimaroc.com/nl/artikelen/eigendomstitel-moulkiya-marrakech/
0344	https://levraimaroc.com/nl/artikelen/fado-festival-marokko-2026/
0345	https://levraimaroc.com/nl/artikelen/fouten-vastgoed-kopen-marrakech/
0346	https://levraimaroc.com/nl/artikelen/groei-marokko-2026-hcp-binnenlandse-vraag/
0347	https://levraimaroc.com/nl/artikelen/grond-kopen-marrakech-juridische-status-buitenlanders/
0348	https://levraimaroc.com/nl/artikelen/gueliz-hivernage-palmeraie-waar-investeren/
0349	https://levraimaroc.com/nl/artikelen/hittegolf-marokko-augustus-2026-steden-verwachting/
0350	https://levraimaroc.com/nl/artikelen/hittegolf-marokko-juli-2026-reizen/
0351	https://levraimaroc.com/nl/artikelen/hsl-kenitra-marrakech-2026-reisimpact/
0352	https://levraimaroc.com/nl/artikelen/hypotheek-marrakech-buitenlanders-mre-2026/
0353	https://levraimaroc.com/nl/artikelen/investeren-marrakech-2026/
0354	https://levraimaroc.com/nl/artikelen/kandidaten-verkiezingen-marokko-2026/
0355	https://levraimaroc.com/nl/artikelen/kortetermijnverhuur-marrakech-kans-of-druk/
0356	https://levraimaroc.com/nl/artikelen/lboulevard-2026-casablanca/
0357	https://levraimaroc.com/nl/artikelen/lfp-batterijen-marokko-gotion-auto-industrie-2026/
0358	https://levraimaroc.com/nl/artikelen/luchthavens-marokko-verkeer-marrakech-casablanca-zomer-2026/
0359	https://levraimaroc.com/nl/artikelen/macan-development-marrakech-rabat-2026/
0360	https://levraimaroc.com/nl/artikelen/makelaarscourtage-marokko-kosten-marrakech/
0361	https://levraimaroc.com/nl/artikelen/marokkaanse-sahara-amerikaanse-positie-2026/
0362	https://levraimaroc.com/nl/artikelen/marokko-ai-2030/
0363	https://levraimaroc.com/nl/artikelen/marokko-gabon-2026-datum-tijd-tv-stadion/
0364	https://levraimaroc.com/nl/artikelen/marokko-mediterrane-spelen-2026/
0365	https://levraimaroc.com/nl/artikelen/marrakech-2030-infrastructuur-vastgoed/
0366	https://levraimaroc.com/nl/artikelen/marrakech-toegankelijk-nieuwe-investeerders/
0367	https://levraimaroc.com/nl/artikelen/marrakech-vastgoedmarkt-vooruitzichten-2026-2030/
0368	https://levraimaroc.com/nl/artikelen/marrakech-voor-2030-toerisme-infrastructuur-kansen/
0369	https://levraimaroc.com/nl/artikelen/miljoen-banen-marokko-verkiezingsbeloften-2026/
0370	https://levraimaroc.com/nl/artikelen/minimumloon-marokko-5000-dirham-2026/
0371	https://levraimaroc.com/nl/artikelen/moga-essaouira-2026/
0372	https://levraimaroc.com/nl/artikelen/nieuw-appartement-marrakech-2026/
0373	https://levraimaroc.com/nl/artikelen/nieuw-marokkaans-paspoort-2026-documenten-prijs-geldigheid/
0374	https://levraimaroc.com/nl/artikelen/notaris-vastgoedaankoop-marokko-rol-tarieven/
0375	https://levraimaroc.com/nl/artikelen/riads-marrakech-investeringsgids/
0376	https://levraimaroc.com/nl/artikelen/route-amizmiz-agdal-targa-zones-om-te-volgen/
0377	https://levraimaroc.com/nl/artikelen/royal-air-maroc-zomer-2026-marrakech/
0378	https://levraimaroc.com/nl/artikelen/schooljaar-marokko-2026-2027/
0379	https://levraimaroc.com/nl/artikelen/tanjazz-2026-tanger/
0380	https://levraimaroc.com/nl/artikelen/timitar-agadir-2026-programma/
0381	https://levraimaroc.com/nl/artikelen/toerisme-marokko-2030-onmt-aankomsten-2026/
0382	https://levraimaroc.com/nl/artikelen/toerisme-marrakech-2026-vastgoed/
0383	https://levraimaroc.com/nl/artikelen/toerisme-vastgoedzones-marrakech-2026/
0384	https://levraimaroc.com/nl/artikelen/traceerbare-betalingen-vastgoedaankoop-marokko/
0385	https://levraimaroc.com/nl/artikelen/vastgoed-erven-marokko-buitenlanders/
0386	https://levraimaroc.com/nl/artikelen/vastgoed-marrakech-2026/
0387	https://levraimaroc.com/nl/artikelen/vastgoedbelasting-marrakech-2026/
0388	https://levraimaroc.com/nl/artikelen/vastgoedmarkt-marrakech-2026/
0389	https://levraimaroc.com/nl/artikelen/vastgoedprijsindex-marrakech-q2-2026/
0390	https://levraimaroc.com/nl/artikelen/vastgoedprijzen-marrakech-2026/
0391	https://levraimaroc.com/nl/artikelen/vefa-marokko-betalingsschema-wettelijke-garanties/
0392	https://levraimaroc.com/nl/artikelen/vergelijking-verkiezingsprogrammas-marokko-2026/
0393	https://levraimaroc.com/nl/artikelen/vergunning-kortetermijnverhuur-marrakech-wet-80-14/
0394	https://levraimaroc.com/nl/artikelen/verkiezingen-marokko-2026-stemmen/
0395	https://levraimaroc.com/nl/artikelen/verkiezingen-marokko-2026/
0396	https://levraimaroc.com/nl/artikelen/verkiezingsbeloften-koopkracht-marokko-2026/
0397	https://levraimaroc.com/nl/artikelen/verkiezingscampagne-marokko-2026/
0398	https://levraimaroc.com/nl/artikelen/verkiezingsuitslagen-marokko-2026/
0399	https://levraimaroc.com/nl/artikelen/villa-marrakech-investering/
0400	https://levraimaroc.com/nl/artikelen/vve-kosten-verhuurbeheer-marrakech/
0401	https://levraimaroc.com/nl/artikelen/waarom-marrakech-vastgoedinvesteerders-aantrekt/
0402	https://levraimaroc.com/nl/artikelen/weer-marokko-vandaag/
0403	https://levraimaroc.com/nl/artikelen/werkloosheid-marokko-2026/
0404	https://levraimaroc.com/nl/artikelen/wk-2030-finale-marokko-spanje/
0405	https://levraimaroc.com/nl/artikelen/wk-2030-grote-projecten-marokko-infrastructuur/
0406	https://levraimaroc.com/nl/artikelen/womens-afcon-marokko-2026-stand-volgende-wedstrijd/
0407	https://levraimaroc.com/nl/blog/
0408	https://levraimaroc.com/nl/checklist-off-plan-kopen/
0409	https://levraimaroc.com/nl/contact/
0410	https://levraimaroc.com/nl/documenten-vastgoedkoop-marokko/
0411	https://levraimaroc.com/nl/gidsen/
0412	https://levraimaroc.com/nl/investeren/
0413	https://levraimaroc.com/nl/off-plan-kopen-marokko/
0414	https://levraimaroc.com/nl/off-plan-kopen-marrakech/
0415	https://levraimaroc.com/nl/oplevering-nieuw-appartement-marokko/
0416	https://levraimaroc.com/nl/over-ons/
0417	https://levraimaroc.com/nl/risicos-vastgoedaankoop/
0418	https://levraimaroc.com/nl/safe-off-plan-vastgoedkopen/
0419	https://levraimaroc.com/nl/safe-vastgoedcertificering/
0420	https://levraimaroc.com/nl/safe-vastgoedinvestering/
0421	https://levraimaroc.com/nl/safe-vastgoedmatrix/
0422	https://levraimaroc.com/nl/safe-vastgoedmethode/
0423	https://levraimaroc.com/nl/toerisme/
0424	https://levraimaroc.com/nl/vastgoed/
0425	https://levraimaroc.com/nl/vastgoedanalyse-gids/
0426	https://levraimaroc.com/nl/vastgoedontwikkelaar-analyseren/
0427	https://levraimaroc.com/nl/vastgoedontwikkelaar-controleren-marokko/
0428	https://levraimaroc.com/nl/vastgoedprijzen-marrakech/
0429	https://levraimaroc.com/nl/vastgoedprojectanalyse/
0430	https://levraimaroc.com/nl/vastgoedrisicos-marokko/
0431	https://levraimaroc.com/nl/vefa-marokko-garanties-risicos/
0432	https://levraimaroc.com/nl/wijken/
0433	https://levraimaroc.com/prix-immobilier-marrakech/
0434	https://levraimaroc.com/quartiers/
0435	https://levraimaroc.com/risques-achat-immobilier-maroc/
0436	https://levraimaroc.com/risques-achat-immobilier/
0437	https://levraimaroc.com/safe-achat-sur-plan/
0438	https://levraimaroc.com/safe-certification-immobiliere/
0439	https://levraimaroc.com/safe-investissement-immobilier/
0440	https://levraimaroc.com/tourisme/
0441	https://levraimaroc.com/vefa-maroc-garanties-risques/
