001	https://levraimaroc.com/images/articles/editorial-2026-09-14/lboulevard-2026-casablanca-cover.webp
002	https://levraimaroc.com/images/articles/editorial-2026-09-14/lboulevard-2026-casablanca-01.webp
003	https://levraimaroc.com/images/articles/editorial-2026-09-14/lboulevard-2026-casablanca-02.webp
004	https://levraimaroc.com/images/articles/editorial-2026-09-14/lboulevard-2026-casablanca-03.webp
005	https://levraimaroc.com/images/articles/editorial-2026-09-14/elections-maroc-2026-comment-voter-cover.webp
006	https://levraimaroc.com/images/articles/editorial-2026-09-14/elections-maroc-2026-comment-voter-01.webp
007	https://levraimaroc.com/images/articles/editorial-2026-09-14/elections-maroc-2026-comment-voter-02.webp
008	https://levraimaroc.com/images/articles/editorial-2026-09-14/elections-maroc-2026-comment-voter-03.webp
009	https://levraimaroc.com/images/articles/editorial-2026-09-14/resultats-elections-maroc-2026-cover.webp
010	https://levraimaroc.com/images/articles/editorial-2026-09-14/resultats-elections-maroc-2026-01.webp
011	https://levraimaroc.com/images/articles/editorial-2026-09-14/resultats-elections-maroc-2026-02.webp
012	https://levraimaroc.com/images/articles/editorial-2026-09-14/resultats-elections-maroc-2026-03.webp
013	https://levraimaroc.com/images/articles/editorial-2026-09-14/finale-coupe-du-monde-2030-maroc-espagne-cover.webp
014	https://levraimaroc.com/images/articles/editorial-2026-09-14/finale-coupe-du-monde-2030-maroc-espagne-01.webp
015	https://levraimaroc.com/images/articles/editorial-2026-09-14/finale-coupe-du-monde-2030-maroc-espagne-02.webp
016	https://levraimaroc.com/images/articles/editorial-2026-09-14/finale-coupe-du-monde-2030-maroc-espagne-03.webp
017	https://levraimaroc.com/images/articles/editorial-2026-09-14/maroc-ia-2030-cover.webp
018	https://levraimaroc.com/images/articles/editorial-2026-09-14/maroc-ia-2030-01.webp
019	https://levraimaroc.com/images/articles/editorial-2026-09-14/maroc-ia-2030-02.webp
020	https://levraimaroc.com/images/articles/editorial-2026-09-14/maroc-ia-2030-03.webp
021	https://levraimaroc.com/images/articles/editorial-2026-09-14/moga-essaouira-2026-cover.webp
022	https://levraimaroc.com/images/articles/editorial-2026-09-14/moga-essaouira-2026-01.webp
023	https://levraimaroc.com/images/articles/editorial-2026-09-14/moga-essaouira-2026-02.webp
024	https://levraimaroc.com/images/articles/editorial-2026-09-14/moga-essaouira-2026-03.webp
025	https://levraimaroc.com/images/articles/editorial-2026-09-14/maroc-gabon-2026-date-heure-chaine-stade-cover.webp
026	https://levraimaroc.com/images/articles/editorial-2026-09-14/maroc-gabon-2026-date-heure-chaine-stade-01.webp
027	https://levraimaroc.com/images/articles/editorial-2026-09-14/maroc-gabon-2026-date-heure-chaine-stade-02.webp
028	https://levraimaroc.com/images/articles/editorial-2026-09-14/maroc-gabon-2026-date-heure-chaine-stade-03.webp
