1	200 https://levraimaroc.com/	https://levraimaroc.com/
2	200 https://levraimaroc.com/a-propos/	https://levraimaroc.com/a-propos
3	200 https://levraimaroc.com/acheter-sur-plan-maroc/	https://levraimaroc.com/acheter-sur-plan-maroc
4	200 https://levraimaroc.com/analyses/	https://levraimaroc.com/analyses
5	200 https://levraimaroc.com/articles/aeroports-maroc-trafic-marrakech-casablanca-ete-2026/	https://levraimaroc.com/articles/aeroports-maroc-trafic-marrakech-casablanca-ete-2026
6	200 https://levraimaroc.com/articles/campagne-electorale-maroc-2026/	https://levraimaroc.com/articles/campagne-electorale-maroc-2026
7	200 https://levraimaroc.com/articles/candidats-elections-maroc-2026/	https://levraimaroc.com/articles/candidats-elections-maroc-2026
8	200 https://levraimaroc.com/articles/canicule-maroc-aout-2026-villes-previsions/	https://levraimaroc.com/articles/canicule-maroc-aout-2026-villes-previsions
9	200 https://levraimaroc.com/articles/carburants-maroc-nouvelle-hausse/	https://levraimaroc.com/articles/carburants-maroc-nouvelle-hausse
10	200 https://levraimaroc.com/articles/cnss-maroc-guide-pratique/	https://levraimaroc.com/articles/cnss-maroc-guide-pratique
11	200 https://levraimaroc.com/articles/comparatif-programmes-elections-maroc-2026/	https://levraimaroc.com/articles/comparatif-programmes-elections-maroc-2026
12	200 https://levraimaroc.com/articles/dahir-maroc-definition/	https://levraimaroc.com/articles/dahir-maroc-definition
13	200 https://levraimaroc.com/articles/documents-promoteur-immobilier-maroc/	https://levraimaroc.com/articles/documents-promoteur-immobilier-maroc
14	200 https://levraimaroc.com/articles/elections-maroc-2026/	https://levraimaroc.com/articles/elections-maroc-2026
15	200 https://levraimaroc.com/articles/elections-maroc-2026-comment-voter/	https://levraimaroc.com/articles/elections-maroc-2026-comment-voter
16	200 https://levraimaroc.com/articles/fado-festival-maroc-2026/	https://levraimaroc.com/articles/fado-festival-maroc-2026
17	200 https://levraimaroc.com/articles/finale-coupe-du-monde-2030-maroc-espagne/	https://levraimaroc.com/articles/finale-coupe-du-monde-2030-maroc-espagne
18	200 https://levraimaroc.com/articles/investir-marrakech-2026/	https://levraimaroc.com/articles/investir-marrakech-2026
19	200 https://levraimaroc.com/articles/lboulevard-2026-casablanca/	https://levraimaroc.com/articles/lboulevard-2026-casablanca
20	200 https://levraimaroc.com/articles/maroc-gabon-2026-date-heure-chaine-stade/	https://levraimaroc.com/articles/maroc-gabon-2026-date-heure-chaine-stade
21	200 https://levraimaroc.com/articles/maroc-ia-2030/	https://levraimaroc.com/articles/maroc-ia-2030
22	200 https://levraimaroc.com/articles/meteo-maroc-aujourdhui/	https://levraimaroc.com/articles/meteo-maroc-aujourdhui
23	200 https://levraimaroc.com/articles/moga-essaouira-2026/	https://levraimaroc.com/articles/moga-essaouira-2026
24	200 https://levraimaroc.com/articles/mondial-2030-grands-projets-maroc-infrastructures/	https://levraimaroc.com/articles/mondial-2030-grands-projets-maroc-infrastructures
25	200 https://levraimaroc.com/articles/rentree-scolaire-maroc-2026-2027/	https://levraimaroc.com/articles/rentree-scolaire-maroc-2026-2027
26	200 https://levraimaroc.com/articles/resultats-elections-maroc-2026/	https://levraimaroc.com/articles/resultats-elections-maroc-2026
27	200 https://levraimaroc.com/articles/royal-air-maroc-ete-2026-marrakech/	https://levraimaroc.com/articles/royal-air-maroc-ete-2026-marrakech
28	200 https://levraimaroc.com/articles/smig-5000-dh-maroc-2026/	https://levraimaroc.com/articles/smig-5000-dh-maroc-2026
29	200 https://levraimaroc.com/articles/tanjazz-2026/	https://levraimaroc.com/articles/tanjazz-2026
30	200 https://levraimaroc.com/articles/tourisme-maroc-2030-onmt-arrivees-2026/	https://levraimaroc.com/articles/tourisme-maroc-2030-onmt-arrivees-2026
31	200 https://levraimaroc.com/blog/	https://levraimaroc.com/blog
32	200 https://levraimaroc.com/comment-verifier-promoteur-immobilier-maroc/	https://levraimaroc.com/comment-verifier-promoteur-immobilier-maroc
33	200 https://levraimaroc.com/confidentialite/	https://levraimaroc.com/confidentialite
34	200 https://levraimaroc.com/contact/	https://levraimaroc.com/contact
35	200 https://levraimaroc.com/downloads/checklist-safe-projet-immobilier-fr.pdf	https://levraimaroc.com/downloads/checklist-safe-projet-immobilier-fr.pdf
36	200 https://levraimaroc.com/en/	https://levraimaroc.com/en
37	200 https://levraimaroc.com/en/about/	https://levraimaroc.com/en/about
38	200 https://levraimaroc.com/en/analysis/	https://levraimaroc.com/en/analysis
39	200 https://levraimaroc.com/en/articles/cnss-morocco-2026/	https://levraimaroc.com/en/articles/cnss-morocco-2026
40	200 https://levraimaroc.com/en/articles/cnss-morocco-practical-guide/	https://levraimaroc.com/en/articles/cnss-morocco-practical-guide
41	200 https://levraimaroc.com/en/articles/compare-morocco-election-programmes-2026/	https://levraimaroc.com/en/articles/compare-morocco-election-programmes-2026
42	200 https://levraimaroc.com/en/articles/fado-festival-morocco-2026/	https://levraimaroc.com/en/articles/fado-festival-morocco-2026
43	200 https://levraimaroc.com/en/articles/lboulevard-2026-casablanca/	https://levraimaroc.com/en/articles/lboulevard-2026-casablanca
44	200 https://levraimaroc.com/en/articles/million-jobs-morocco-election-promises-2026/	https://levraimaroc.com/en/articles/million-jobs-morocco-election-promises-2026
45	200 https://levraimaroc.com/en/articles/moga-essaouira-2026/	https://levraimaroc.com/en/articles/moga-essaouira-2026
46	200 https://levraimaroc.com/en/articles/morocco-ai-2030/	https://levraimaroc.com/en/articles/morocco-ai-2030
47	200 https://levraimaroc.com/en/articles/morocco-airports-traffic-marrakech-casablanca-summer-2026/	https://levraimaroc.com/en/articles/morocco-airports-traffic-marrakech-casablanca-summer-2026
48	200 https://levraimaroc.com/en/articles/morocco-election-results-2026/	https://levraimaroc.com/en/articles/morocco-election-results-2026
49	200 https://levraimaroc.com/en/articles/morocco-elections-2026/	https://levraimaroc.com/en/articles/morocco-elections-2026
50	200 https://levraimaroc.com/en/articles/morocco-elections-2026-how-to-vote/	https://levraimaroc.com/en/articles/morocco-elections-2026-how-to-vote
51	200 https://levraimaroc.com/en/articles/morocco-gabon-2026-date-time-tv-stadium/	https://levraimaroc.com/en/articles/morocco-gabon-2026-date-time-tv-stadium
52	200 https://levraimaroc.com/en/articles/morocco-heatwave-august-2026-cities-forecast/	https://levraimaroc.com/en/articles/morocco-heatwave-august-2026-cities-forecast
53	200 https://levraimaroc.com/en/articles/morocco-minimum-wage-5000-dirhams-2026/	https://levraimaroc.com/en/articles/morocco-minimum-wage-5000-dirhams-2026
54	200 https://levraimaroc.com/en/articles/morocco-school-calendar-2026-2027/	https://levraimaroc.com/en/articles/morocco-school-calendar-2026-2027
55	200 https://levraimaroc.com/en/articles/morocco-tourism-2030-onmt-arrivals-2026/	https://levraimaroc.com/en/articles/morocco-tourism-2030-onmt-arrivals-2026
56	200 https://levraimaroc.com/en/articles/morocco-weather-today/	https://levraimaroc.com/en/articles/morocco-weather-today
57	200 https://levraimaroc.com/en/articles/royal-air-maroc-summer-2026-marrakech/	https://levraimaroc.com/en/articles/royal-air-maroc-summer-2026-marrakech
58	200 https://levraimaroc.com/en/articles/tanjazz-2026-tangier/	https://levraimaroc.com/en/articles/tanjazz-2026-tangier
59	200 https://levraimaroc.com/en/articles/world-cup-2030-final-morocco-spain/	https://levraimaroc.com/en/articles/world-cup-2030-final-morocco-spain
60	200 https://levraimaroc.com/en/blog/	https://levraimaroc.com/en/blog
61	200 https://levraimaroc.com/en/buying-off-plan-morocco/	https://levraimaroc.com/en/buying-off-plan-morocco
62	200 https://levraimaroc.com/en/contact/	https://levraimaroc.com/en/contact
63	200 https://levraimaroc.com/en/guides/	https://levraimaroc.com/en/guides
64	200 https://levraimaroc.com/en/how-to-check-real-estate-developer-morocco/	https://levraimaroc.com/en/how-to-check-real-estate-developer-morocco
65	200 https://levraimaroc.com/en/investment/	https://levraimaroc.com/en/investment
66	200 https://levraimaroc.com/en/legal-notice/	https://levraimaroc.com/en/legal-notice
67	200 https://levraimaroc.com/en/neighborhoods/	https://levraimaroc.com/en/neighborhoods
68	200 https://levraimaroc.com/en/privacy-policy/	https://levraimaroc.com/en/privacy-policy
69	200 https://levraimaroc.com/en/real-estate/	https://levraimaroc.com/en/real-estate
70	200 https://levraimaroc.com/en/real-estate-risks-morocco/	https://levraimaroc.com/en/real-estate-risks-morocco
71	200 https://levraimaroc.com/en/safe-real-estate-certification/	https://levraimaroc.com/en/safe-real-estate-certification
72	200 https://levraimaroc.com/en/tourism/	https://levraimaroc.com/en/tourism
73	200 https://levraimaroc.com/es/	https://levraimaroc.com/es
74	200 https://levraimaroc.com/es/analisis/	https://levraimaroc.com/es/analisis
75	200 https://levraimaroc.com/es/articulos/aeropuertos-marruecos-trafico-marrakech-casablanca-verano-2026/	https://levraimaroc.com/es/articulos/aeropuertos-marruecos-trafico-marrakech-casablanca-verano-2026
76	200 https://levraimaroc.com/es/articulos/campana-electoral-marruecos-2026/	https://levraimaroc.com/es/articulos/campana-electoral-marruecos-2026
77	200 https://levraimaroc.com/es/articulos/candidatos-elecciones-marruecos-2026/	https://levraimaroc.com/es/articulos/candidatos-elecciones-marruecos-2026
78	200 https://levraimaroc.com/es/articulos/canicula-marruecos-agosto-2026-ciudades-prevision/	https://levraimaroc.com/es/articulos/canicula-marruecos-agosto-2026-ciudades-prevision
79	200 https://levraimaroc.com/es/articulos/carburantes-marruecos-proxima-subida/	https://levraimaroc.com/es/articulos/carburantes-marruecos-proxima-subida
80	200 https://levraimaroc.com/es/articulos/cnss-marruecos-guia-practica/	https://levraimaroc.com/es/articulos/cnss-marruecos-guia-practica
81	200 https://levraimaroc.com/es/articulos/comparativa-programas-elecciones-marruecos-2026/	https://levraimaroc.com/es/articulos/comparativa-programas-elecciones-marruecos-2026
82	200 https://levraimaroc.com/es/articulos/elecciones-marruecos-2026/	https://levraimaroc.com/es/articulos/elecciones-marruecos-2026
83	200 https://levraimaroc.com/es/articulos/elecciones-marruecos-2026-como-votar/	https://levraimaroc.com/es/articulos/elecciones-marruecos-2026-como-votar
84	200 https://levraimaroc.com/es/articulos/festival-fado-marruecos-2026/	https://levraimaroc.com/es/articulos/festival-fado-marruecos-2026
85	200 https://levraimaroc.com/es/articulos/final-mundial-2030-marruecos-espana/	https://levraimaroc.com/es/articulos/final-mundial-2030-marruecos-espana
86	200 https://levraimaroc.com/es/articulos/lboulevard-2026-casablanca/	https://levraimaroc.com/es/articulos/lboulevard-2026-casablanca
87	000 https://levraimaroc.com/es/articulos/marruecos-gabon-2026-fecha-hora-tv-estadio000 ERROR	https://levraimaroc.com/es/articulos/marruecos-gabon-2026-fecha-hora-tv-estadio
88	200 https://levraimaroc.com/es/articulos/marruecos-ia-2030/	https://levraimaroc.com/es/articulos/marruecos-ia-2030
89	200 https://levraimaroc.com/es/articulos/moga-essaouira-2026/	https://levraimaroc.com/es/articulos/moga-essaouira-2026
90	200 https://levraimaroc.com/es/articulos/mundial-2030-grandes-proyectos-marruecos-infraestructuras/	https://levraimaroc.com/es/articulos/mundial-2030-grandes-proyectos-marruecos-infraestructuras
91	200 https://levraimaroc.com/es/articulos/resultados-elecciones-marruecos-2026/	https://levraimaroc.com/es/articulos/resultados-elecciones-marruecos-2026
92	200 https://levraimaroc.com/es/articulos/salario-minimo-marruecos-5000-dirhams-2026/	https://levraimaroc.com/es/articulos/salario-minimo-marruecos-5000-dirhams-2026
93	200 https://levraimaroc.com/es/articulos/tanjazz-2026-tanger/	https://levraimaroc.com/es/articulos/tanjazz-2026-tanger
94	200 https://levraimaroc.com/es/articulos/tiempo-marruecos-hoy/	https://levraimaroc.com/es/articulos/tiempo-marruecos-hoy
95	200 https://levraimaroc.com/es/articulos/turismo-marruecos-2030-onmt-llegadas-2026/	https://levraimaroc.com/es/articulos/turismo-marruecos-2030-onmt-llegadas-2026
96	200 https://levraimaroc.com/es/articulos/vuelta-colegio-marruecos-2026-2027/	https://levraimaroc.com/es/articulos/vuelta-colegio-marruecos-2026-2027
97	200 https://levraimaroc.com/es/aviso-legal/	https://levraimaroc.com/es/aviso-legal
98	200 https://levraimaroc.com/es/barrios/	https://levraimaroc.com/es/barrios
99	200 https://levraimaroc.com/es/blog/	https://levraimaroc.com/es/blog
100	200 https://levraimaroc.com/es/certificacion-inmobiliaria-safe/	https://levraimaroc.com/es/certificacion-inmobiliaria-safe
101	200 https://levraimaroc.com/es/como-verificar-promotor-inmobiliario-marruecos/	https://levraimaroc.com/es/como-verificar-promotor-inmobiliario-marruecos
102	200 https://levraimaroc.com/es/comprar-sobre-plano-marruecos/	https://levraimaroc.com/es/comprar-sobre-plano-marruecos
103	200 https://levraimaroc.com/es/contacto/	https://levraimaroc.com/es/contacto
104	200 https://levraimaroc.com/es/guias/	https://levraimaroc.com/es/guias
105	200 https://levraimaroc.com/es/inmobiliario/	https://levraimaroc.com/es/inmobiliario
106	200 https://levraimaroc.com/es/inversion/	https://levraimaroc.com/es/inversion
107	200 https://levraimaroc.com/es/politica-privacidad/	https://levraimaroc.com/es/politica-privacidad
108	200 https://levraimaroc.com/es/riesgos-compra-inmobiliaria-marruecos/	https://levraimaroc.com/es/riesgos-compra-inmobiliaria-marruecos
109	200 https://levraimaroc.com/es/sobre-nosotros/	https://levraimaroc.com/es/sobre-nosotros
110	200 https://levraimaroc.com/es/turismo/	https://levraimaroc.com/es/turismo
111	200 https://levraimaroc.com/guides/	https://levraimaroc.com/guides
112	200 https://levraimaroc.com/immobilier/	https://levraimaroc.com/immobilier
113	200 https://levraimaroc.com/investissement/	https://levraimaroc.com/investissement
114	200 https://levraimaroc.com/mentions-legales/	https://levraimaroc.com/mentions-legales
115	200 https://levraimaroc.com/nl/	https://levraimaroc.com/nl
116	200 https://levraimaroc.com/nl/analyses/	https://levraimaroc.com/nl/analyses
117	200 https://levraimaroc.com/nl/artikelen/brandstof-marokko-volgende-prijsstijging/	https://levraimaroc.com/nl/artikelen/brandstof-marokko-volgende-prijsstijging
118	200 https://levraimaroc.com/nl/artikelen/cnss-marokko-2026/	https://levraimaroc.com/nl/artikelen/cnss-marokko-2026
119	200 https://levraimaroc.com/nl/artikelen/cnss-marokko-praktische-gids/	https://levraimaroc.com/nl/artikelen/cnss-marokko-praktische-gids
120	200 https://levraimaroc.com/nl/artikelen/fado-festival-marokko-2026/	https://levraimaroc.com/nl/artikelen/fado-festival-marokko-2026
121	200 https://levraimaroc.com/nl/artikelen/hittegolf-marokko-augustus-2026-steden-verwachting/	https://levraimaroc.com/nl/artikelen/hittegolf-marokko-augustus-2026-steden-verwachting
122	200 https://levraimaroc.com/nl/artikelen/kandidaten-verkiezingen-marokko-2026/	https://levraimaroc.com/nl/artikelen/kandidaten-verkiezingen-marokko-2026
123	200 https://levraimaroc.com/nl/artikelen/lboulevard-2026-casablanca/	https://levraimaroc.com/nl/artikelen/lboulevard-2026-casablanca
124	200 https://levraimaroc.com/nl/artikelen/luchthavens-marokko-verkeer-marrakech-casablanca-zomer-2026/	https://levraimaroc.com/nl/artikelen/luchthavens-marokko-verkeer-marrakech-casablanca-zomer-2026
125	200 https://levraimaroc.com/nl/artikelen/marokko-ai-2030/	https://levraimaroc.com/nl/artikelen/marokko-ai-2030
126	200 https://levraimaroc.com/nl/artikelen/marokko-gabon-2026-datum-tijd-tv-stadion/	https://levraimaroc.com/nl/artikelen/marokko-gabon-2026-datum-tijd-tv-stadion
127	200 https://levraimaroc.com/nl/artikelen/minimumloon-marokko-5000-dirham-2026/	https://levraimaroc.com/nl/artikelen/minimumloon-marokko-5000-dirham-2026
128	200 https://levraimaroc.com/nl/artikelen/moga-essaouira-2026/	https://levraimaroc.com/nl/artikelen/moga-essaouira-2026
129	200 https://levraimaroc.com/nl/artikelen/schooljaar-marokko-2026-2027/	https://levraimaroc.com/nl/artikelen/schooljaar-marokko-2026-2027
130	200 https://levraimaroc.com/nl/artikelen/tanjazz-2026-tanger/	https://levraimaroc.com/nl/artikelen/tanjazz-2026-tanger
131	200 https://levraimaroc.com/nl/artikelen/toerisme-marokko-2030-onmt-aankomsten-2026/	https://levraimaroc.com/nl/artikelen/toerisme-marokko-2030-onmt-aankomsten-2026
132	200 https://levraimaroc.com/nl/artikelen/vergelijking-verkiezingsprogrammas-marokko-2026/	https://levraimaroc.com/nl/artikelen/vergelijking-verkiezingsprogrammas-marokko-2026
133	200 https://levraimaroc.com/nl/artikelen/verkiezingen-marokko-2026/	https://levraimaroc.com/nl/artikelen/verkiezingen-marokko-2026
134	200 https://levraimaroc.com/nl/artikelen/verkiezingen-marokko-2026-stemmen/	https://levraimaroc.com/nl/artikelen/verkiezingen-marokko-2026-stemmen
135	200 https://levraimaroc.com/nl/artikelen/verkiezingsuitslagen-marokko-2026/	https://levraimaroc.com/nl/artikelen/verkiezingsuitslagen-marokko-2026
136	200 https://levraimaroc.com/nl/artikelen/weer-marokko-vandaag/	https://levraimaroc.com/nl/artikelen/weer-marokko-vandaag
137	200 https://levraimaroc.com/nl/artikelen/wk-2030-finale-marokko-spanje/	https://levraimaroc.com/nl/artikelen/wk-2030-finale-marokko-spanje
138	200 https://levraimaroc.com/nl/artikelen/wk-2030-grote-projecten-marokko-infrastructuur/	https://levraimaroc.com/nl/artikelen/wk-2030-grote-projecten-marokko-infrastructuur
139	200 https://levraimaroc.com/nl/blog/	https://levraimaroc.com/nl/blog
140	200 https://levraimaroc.com/nl/contact/	https://levraimaroc.com/nl/contact
141	200 https://levraimaroc.com/nl/gidsen/	https://levraimaroc.com/nl/gidsen
142	200 https://levraimaroc.com/nl/investeren/	https://levraimaroc.com/nl/investeren
143	200 https://levraimaroc.com/nl/juridische-vermelding/	https://levraimaroc.com/nl/juridische-vermelding
144	200 https://levraimaroc.com/nl/off-plan-kopen-marokko/	https://levraimaroc.com/nl/off-plan-kopen-marokko
145	200 https://levraimaroc.com/nl/over-ons/	https://levraimaroc.com/nl/over-ons
146	200 https://levraimaroc.com/nl/privacybeleid/	https://levraimaroc.com/nl/privacybeleid
147	200 https://levraimaroc.com/nl/safe-vastgoedcertificering/	https://levraimaroc.com/nl/safe-vastgoedcertificering
148	200 https://levraimaroc.com/nl/toerisme/	https://levraimaroc.com/nl/toerisme
149	200 https://levraimaroc.com/nl/vastgoed/	https://levraimaroc.com/nl/vastgoed
150	200 https://levraimaroc.com/nl/vastgoedontwikkelaar-controleren-marokko/	https://levraimaroc.com/nl/vastgoedontwikkelaar-controleren-marokko
151	200 https://levraimaroc.com/nl/vastgoedrisicos-marokko/	https://levraimaroc.com/nl/vastgoedrisicos-marokko
152	200 https://levraimaroc.com/nl/wijken/	https://levraimaroc.com/nl/wijken
153	200 https://levraimaroc.com/quartiers/	https://levraimaroc.com/quartiers
154	200 https://levraimaroc.com/risques-achat-immobilier-maroc/	https://levraimaroc.com/risques-achat-immobilier-maroc
155	200 https://levraimaroc.com/rss.xml	https://levraimaroc.com/rss.xml
156	200 https://levraimaroc.com/safe-certification-immobiliere/	https://levraimaroc.com/safe-certification-immobiliere
157	200 https://levraimaroc.com/tourisme/	https://levraimaroc.com/tourisme
