001	https://levraimaroc.com/articles/lboulevard-2026-casablanca
002	https://levraimaroc.com/en/articles/lboulevard-2026-casablanca
003	https://levraimaroc.com/es/articulos/lboulevard-2026-casablanca
004	https://levraimaroc.com/nl/artikelen/lboulevard-2026-casablanca
005	https://levraimaroc.com/articles/elections-maroc-2026-comment-voter
006	https://levraimaroc.com/en/articles/morocco-elections-2026-how-to-vote
007	https://levraimaroc.com/es/articulos/elecciones-marruecos-2026-como-votar
008	https://levraimaroc.com/nl/artikelen/verkiezingen-marokko-2026-stemmen
009	https://levraimaroc.com/articles/resultats-elections-maroc-2026
010	https://levraimaroc.com/en/articles/morocco-election-results-2026
011	https://levraimaroc.com/es/articulos/resultados-elecciones-marruecos-2026
012	https://levraimaroc.com/nl/artikelen/verkiezingsuitslagen-marokko-2026
013	https://levraimaroc.com/articles/finale-coupe-du-monde-2030-maroc-espagne
014	https://levraimaroc.com/en/articles/world-cup-2030-final-morocco-spain
015	https://levraimaroc.com/es/articulos/final-mundial-2030-marruecos-espana
016	https://levraimaroc.com/nl/artikelen/wk-2030-finale-marokko-spanje
017	https://levraimaroc.com/articles/maroc-ia-2030
018	https://levraimaroc.com/en/articles/morocco-ai-2030
019	https://levraimaroc.com/es/articulos/marruecos-ia-2030
020	https://levraimaroc.com/nl/artikelen/marokko-ai-2030
021	https://levraimaroc.com/articles/moga-essaouira-2026
022	https://levraimaroc.com/en/articles/moga-essaouira-2026
023	https://levraimaroc.com/es/articulos/moga-essaouira-2026
024	https://levraimaroc.com/nl/artikelen/moga-essaouira-2026
025	https://levraimaroc.com/articles/maroc-gabon-2026-date-heure-chaine-stade
026	https://levraimaroc.com/en/articles/morocco-gabon-2026-date-time-tv-stadium
027	https://levraimaroc.com/es/articulos/marruecos-gabon-2026-fecha-hora-tv-estadio
028	https://levraimaroc.com/nl/artikelen/marokko-gabon-2026-datum-tijd-tv-stadion
029	https://levraimaroc.com/articles/tanjazz-2026
030	https://levraimaroc.com/en/articles/tanjazz-2026-tangier
031	https://levraimaroc.com/es/articulos/tanjazz-2026-tanger
032	https://levraimaroc.com/nl/artikelen/tanjazz-2026-tanger
033	https://levraimaroc.com/articles/elections-maroc-2026
034	https://levraimaroc.com/en/articles/morocco-elections-2026
035	https://levraimaroc.com/es/articulos/elecciones-marruecos-2026
036	https://levraimaroc.com/nl/artikelen/verkiezingen-marokko-2026
037	https://levraimaroc.com/articles/rentree-scolaire-maroc-2026-2027
038	https://levraimaroc.com/en/articles/morocco-school-calendar-2026-2027
039	https://levraimaroc.com/es/articulos/vuelta-colegio-marruecos-2026-2027
040	https://levraimaroc.com/nl/artikelen/schooljaar-marokko-2026-2027
041	https://levraimaroc.com/articles/smig-5000-dh-maroc-2026
042	https://levraimaroc.com/en/articles/morocco-minimum-wage-5000-dirhams-2026
043	https://levraimaroc.com/es/articulos/salario-minimo-marruecos-5000-dirhams-2026
044	https://levraimaroc.com/nl/artikelen/minimumloon-marokko-5000-dirham-2026
045	https://levraimaroc.com/articles/aeroports-maroc-trafic-marrakech-casablanca-ete-2026
046	https://levraimaroc.com/en/articles/morocco-airports-traffic-marrakech-casablanca-summer-2026
047	https://levraimaroc.com/es/articulos/aeropuertos-marruecos-trafico-marrakech-casablanca-verano-2026
048	https://levraimaroc.com/nl/artikelen/luchthavens-marokko-verkeer-marrakech-casablanca-zomer-2026
049	https://levraimaroc.com/safe-certification-immobiliere/
050	https://levraimaroc.com/robots.txt
051	https://levraimaroc.com/sitemap-index.xml
052	https://levraimaroc.com/rss.xml
